<?xml version="1.0" encoding="UTF-8"?>
<project-private xmlns="http://www.netbeans.org/ns/project-private/1">
    <editor-bookmarks xmlns="http://www.netbeans.org/ns/editor-bookmarks/2" lastBookmarkId="0"/>
    <open-files xmlns="http://www.netbeans.org/ns/projectui-open-files/2">
        <group>
            <file>file:/C:/Users/Dreamonline/Documents/NetBeansProjects/Network/src/Semaphore.java</file>
            <file>file:/C:/Users/Dreamonline/Documents/NetBeansProjects/Network/src/Network.java</file>
            <file>file:/C:/Users/Dreamonline/Documents/NetBeansProjects/Network/src/Router.java</file>
            <file>file:/C:/Users/Dreamonline/Documents/NetBeansProjects/Network/src/Device.java</file>
        </group>
    </open-files>
</project-private>
